﻿Designator,Footprint,Quantity,Value,LCSC Part #
"C1, C2",PinHeader_1x02_P2.54mm_Vertical,2,C,
"D1, D10, D11, D12, D13, D14, D15, D16, D17, D18, D19, D2, D20, D21, D22, D23, D24, D25, D26, D27, D28, D29, D3, D30, D31, D32, D4, D5, D6, D7, D8, D9",LED_D3.0mm_Clear,32,LED,
J1,JST_XH_S4B-XH-A_1x04_P2.50mm_Horizontal,1,Conn_01x04_Socket,
"J2, J3, J4",PinHeader_1x04_P2.54mm_Vertical,3,Conn_01x04_Socket,
"Q1, Q10, Q11, Q12, Q13, Q14, Q15, Q16, Q17, Q18, Q19, Q2, Q20, Q21, Q22, Q23, Q24, Q25, Q26, Q27, Q28, Q29, Q3, Q30, Q31, Q32, Q4, Q5, Q6, Q7, Q8, Q9",LED_D3.0mm_Clear,32,Q_Photo_NPN,
"R1, R10, R11, R12, R13, R14, R15, R16, R17, R18, R19, R2, R20, R21, R22, R23, R24, R25, R26, R27, R28, R29, R3, R30, R31, R32, R33, R34, R35, R36, R37, R38, R39, R4, R40, R41, R42, R43, R44, R45, R46, R47, R48, R5, R6, R7, R8, R9",0805,48,R,
"RV1, RV10, RV11, RV12, RV13, RV14, RV15, RV16, RV2, RV3, RV4, RV5, RV6, RV7, RV8, RV9",Potentiometer_Vishay_TS53YJ_Vertical,16,R_Potentiometer_Trim_US,
U1,SSOP-24_5.3x8.2mm_P0.65mm,1,CD74HC4067SM,
U2,seeeduinoXIAO,1,Seeeduino_Xiao,
